{
	"credit": "Made with Blockbench",
	"textures": {
		"0": "./trident",
		"particle": "./trident"
	},
	"elements": [
		{
			"from": [7.5, -16, 7.5],
			"to": [8.5, 1, 8.5],
			"faces": {
				"north": {"uv": [0.5, 7.5, 1, 16], "texture": "#0"},
				"east": {"uv": [0, 7.5, 0.5, 16], "texture": "#0"},
				"south": {"uv": [1.5, 7.5, 2, 16], "texture": "#0"},
				"west": {"uv": [1, 7.5, 1.5, 16], "texture": "#0"},
				"up": {"uv": [0.5, 0, 1, 0.5], "texture": "#0"},
				"down": {"uv": [1, 0, 1.5, 0.5], "texture": "#0"}
			}
		},
		{
			"from": [7.5, 1, 7.5],
			"to": [8.5, 3, 8.5],
			"faces": {
				"north": {"uv": [10.5, 7, 11, 8], "texture": "#0"},
				"east": {"uv": [10.5, 7, 11, 8], "texture": "#0"},
				"south": {"uv": [10.5, 7, 11, 8], "texture": "#0"},
				"west": {"uv": [10.5, 7, 11, 8], "texture": "#0"},
				"up": {"uv": [10.5, 7, 11, 8], "texture": "#0"},
				"down": {"uv": [10.5, 7, 11, 8], "texture": "#0"}
			}
		},
		{
			"from": [7.5, 3, 7.5],
			"to": [8.5, 4, 8.5],
			"faces": {
				"north": {"uv": [0.5, 6, 1, 6.5], "texture": "#0"},
				"east": {"uv": [0, 6, 0.5, 6.5], "texture": "#0"},
				"south": {"uv": [1.5, 6, 2, 6.5], "texture": "#0"},
				"west": {"uv": [1, 6, 1.5, 6.5], "texture": "#0"},
				"up": {"uv": [0.5, 0, 1, 0.5], "texture": "#0"},
				"down": {"uv": [1, 0, 1.5, 0.5], "texture": "#0"}
			}
		},
		{
			"from": [7.5, 4, 7.5],
			"to": [8.5, 5, 8.5],
			"faces": {
				"north": {"uv": [10.5, 5.5, 11, 6], "texture": "#0"},
				"east": {"uv": [10.5, 5.5, 11, 6], "texture": "#0"},
				"south": {"uv": [10.5, 5.5, 11, 6], "texture": "#0"},
				"west": {"uv": [10.5, 5.5, 11, 6], "texture": "#0"},
				"up": {"uv": [10.5, 5.5, 11, 6], "texture": "#0"},
				"down": {"uv": [10.5, 5.5, 11, 6], "texture": "#0"}
			}
		},
		{
			"from": [7.5, 5, 7.5],
			"to": [8.5, 6, 8.5],
			"faces": {
				"north": {"uv": [0.5, 5, 1, 5.5], "texture": "#0"},
				"east": {"uv": [0, 5, 0.5, 5.5], "texture": "#0"},
				"south": {"uv": [1.5, 5, 2, 5.5], "texture": "#0"},
				"west": {"uv": [1, 5, 1.5, 5.5], "texture": "#0"},
				"up": {"uv": [0.5, 0, 1, 0.5], "texture": "#0"},
				"down": {"uv": [1, 0, 1.5, 0.5], "texture": "#0"}
			}
		},
		{
			"from": [7.5, 6, 7.5],
			"to": [8.5, 8, 8.5],
			"faces": {
				"north": {"uv": [10.5, 4, 11, 5], "texture": "#0"},
				"east": {"uv": [10.5, 4, 11, 5], "texture": "#0"},
				"south": {"uv": [10.5, 4, 11, 5], "texture": "#0"},
				"west": {"uv": [10.5, 4, 11, 5], "texture": "#0"},
				"up": {"uv": [10.5, 4, 11, 5], "texture": "#0"},
				"down": {"uv": [10.5, 4, 11, 5], "texture": "#0"}
			}
		},
		{
			"from": [7.5, 8, 7.5],
			"to": [8.5, 9, 8.5],
			"faces": {
				"north": {"uv": [0.5, 3.5, 1, 4], "texture": "#0"},
				"east": {"uv": [0, 3.5, 0.5, 4], "texture": "#0"},
				"south": {"uv": [1.5, 3.5, 2, 4], "texture": "#0"},
				"west": {"uv": [1, 3.5, 1.5, 4], "texture": "#0"},
				"up": {"uv": [0.5, 0, 1, 0.5], "texture": "#0"},
				"down": {"uv": [1, 0, 1.5, 0.5], "texture": "#0"}
			}
		},
		{
			"from": [6.5, 9, 7.5],
			"to": [9.5, 11, 8.5],
			"faces": {
				"north": {"uv": [10, 2.5, 11.5, 3.5], "texture": "#0"},
				"east": {"uv": [11, 2.5, 11.5, 3.5], "texture": "#0"},
				"south": {"uv": [10, 2.5, 11.5, 3.5], "texture": "#0"},
				"west": {"uv": [10, 2.5, 10.5, 3.5], "texture": "#0"},
				"up": {"uv": [10, 2.5, 11.5, 3], "texture": "#0"},
				"down": {"uv": [10, 3, 11.5, 3.5], "texture": "#0"}
			}
		},
		{
			"from": [7.5, 11, 7.5],
			"to": [8.5, 15, 8.5],
			"faces": {
				"north": {"uv": [0.5, 0.5, 1, 2.5], "texture": "#0"},
				"east": {"uv": [0, 0.5, 0.5, 2.5], "texture": "#0"},
				"south": {"uv": [1.5, 0.5, 2, 2.5], "texture": "#0"},
				"west": {"uv": [1, 0.5, 1.5, 2.5], "texture": "#0"},
				"up": {"uv": [0.5, 0, 1, 0.5], "texture": "#0"},
				"down": {"uv": [1, 0, 1.5, 0.5], "texture": "#0"}
			}
		},
		{
			"from": [5.5, 10, 7.5],
			"to": [6.5, 14, 8.5],
			"faces": {
				"north": {"uv": [11.5, 1, 12, 3], "texture": "#0"},
				"east": {"uv": [11.5, 1, 12, 3], "texture": "#0"},
				"south": {"uv": [11.5, 1, 12, 3], "texture": "#0"},
				"west": {"uv": [11.5, 1, 12, 3], "texture": "#0"},
				"up": {"uv": [11.5, 1, 12, 1.5], "texture": "#0"},
				"down": {"uv": [11.5, 2.5, 12, 3], "texture": "#0"}
			}
		},
		{
			"from": [9.5, 10, 7.5],
			"to": [10.5, 14, 8.5],
			"rotation": {"angle": 0, "axis": "y", "origin": [4, 0, 0]},
			"faces": {
				"north": {"uv": [11.5, 1, 12, 3], "texture": "#0"},
				"east": {"uv": [11.5, 1, 12, 3], "texture": "#0"},
				"south": {"uv": [11.5, 1, 12, 3], "texture": "#0"},
				"west": {"uv": [11.5, 1, 12, 3], "texture": "#0"},
				"up": {"uv": [11.5, 1, 12, 1.5], "texture": "#0"},
				"down": {"uv": [11.5, 2.5, 12, 3], "texture": "#0"}
			}
		}
	],
	"display": {
		"thirdperson_righthand": {
			"rotation": [0, 25, 0],
			"translation": [0, 7, 1]
		},
		"thirdperson_lefthand": {
			"rotation": [0, 25, 0],
			"translation": [0, 7, 1]
		},
		"firstperson_righthand": {
			"rotation": [0, -86, 13],
			"translation": [0, 4.5, 2]
		},
		"firstperson_lefthand": {
			"rotation": [0, -86, 13],
			"translation": [0, 4.5, 2]
		},
		"ground": {
			"translation": [0, 20, 0]
		},
		"gui": {
			"rotation": [0, 0, -45],
			"translation": [4, 4, 0],
			"scale": [0.7, 0.7, 0.7]
		},
		"head": {
			"rotation": [-135, 0, 0],
			"translation": [0, 9.75, 9.25],
			"scale": [1.5, 1.5, 1.5]
		},
		"fixed": {
			"rotation": [0, 0, 45],
			"translation": [-4, 4, 0],
			"scale": [0.7, 0.7, 0.7]
		}
	}
}